id,first_name,last_name,email,gender
1,Bald,Surman-Wells,bsurmanwells0@bizjournals.com,Male
2,Ettore,Saggs,esaggs1@simplemachines.org,Male
3,Haley,Topaz,htopaz2@unblog.fr,Female
4,Haven,Clarridge,hclarridge3@devhub.com,Male
5,Paxton,Monckman,pmonckman4@princeton.edu,Male
6,Krystle,Kobke,kkobke5@google.nl,Female
7,Tedd,Howorth,thoworth6@booking.com,Male
8,Kit,Danahar,kdanahar7@cafepress.com,Male
9,Bunnie,Tome,btome8@e-recht24.de,Female
10,Heidie,Foat,hfoat9@naver.com,Female
11,Giselbert,Eddison,geddisona@constantcontact.com,Male
12,Susann,Philippart,sphilippartb@webeden.co.uk,Female
13,Nat,Bosence,nbosencec@washingtonpost.com,Female
14,Retha,Domanski,rdomanskid@huffingtonpost.com,Female
15,Parrnell,Milkin,pmilkine@instagram.com,Male
16,Timothy,Matskiv,tmatskivf@bigcartel.com,Male
17,Barthel,Tarpey,btarpeyg@canalblog.com,Male
18,Nalani,Reith,nreithh@mac.com,Female
19,Amelie,Merriday,amerridayi@over-blog.com,Female
20,Trumann,Bremond,tbremondj@shareasale.com,Male
21,Randal,Godmer,rgodmerk@cisco.com,Male
22,Broddy,Rapper,brapperl@google.pl,Male
23,Kasey,Pidduck,kpidduckm@edublogs.org,Non-binary
24,Helenelizabeth,Wortt,hworttn@google.de,Female
25,Jarrett,Della Scala,jdellascalao@amazon.co.uk,Male
26,Sarine,Barrand,sbarrandp@elpais.com,Female
27,Bryn,Stede,bstedeq@harvard.edu,Female
28,Abdul,Stack,astackr@woothemes.com,Bigender
29,Anestassia,Gavriel,agavriels@house.gov,Female
30,Gallard,Pridmore,gpridmoret@bbb.org,Male
31,Nikolaus,Littlemore,nlittlemoreu@moonfruit.com,Male
32,Jabez,Glabach,jglabachv@reddit.com,Male
33,Meghann,Southwick,msouthwickw@msu.edu,Female
34,Abeu,Prendeguest,aprendeguestx@cpanel.net,Male
35,Gigi,Loney,gloneyy@slashdot.org,Bigender
36,Feliza,Winsley,fwinsleyz@meetup.com,Female
37,Mildrid,Graeser,mgraeser10@techcrunch.com,Female
38,Eartha,Albrook,ealbrook11@ucoz.ru,Female
39,Ikey,Nellis,inellis12@japanpost.jp,Male
40,Taylor,Fosserd,tfosserd13@theguardian.com,Male
41,Rica,Ettridge,rettridge14@nsw.gov.au,Female
42,Orrin,Boote,oboote15@engadget.com,Male
43,Reggie,Bessey,rbessey16@reverbnation.com,Female
44,Glen,Bittlestone,gbittlestone17@issuu.com,Female
45,Maurita,Ivashnikov,mivashnikov18@squarespace.com,Female
46,Shaylyn,Robathon,srobathon19@booking.com,Female
47,Addie,Bowich,abowich1a@si.edu,Male
48,Lincoln,Spraggon,lspraggon1b@dedecms.com,Male
49,Salomi,Pleaden,spleaden1c@4shared.com,Female
50,Pedro,Ivanovic,pivanovic1d@naver.com,Male
51,Angie,Mahood,amahood1e@zdnet.com,Male
52,Biddie,Haddy,bhaddy1f@blog.com,Female
53,Mirabel,Wellings,mwellings1g@ucoz.ru,Female
54,Abie,Enrigo,aenrigo1h@stumbleupon.com,Male
55,Lusa,Beggio,lbeggio1i@jalbum.net,Polygender
56,Mervin,Sloane,msloane1j@webmd.com,Polygender
57,Nona,Cotton,ncotton1k@joomla.org,Female
58,Lem,Maric,lmaric1l@vk.com,Male
59,Geraldine,Gitthouse,ggitthouse1m@google.fr,Female
60,Geordie,Britcher,gbritcher1n@dailymotion.com,Male
61,Cori,Gheorghescu,cgheorghescu1o@creativecommons.org,Female
62,Pauly,Dikes,pdikes1p@t.co,Female
63,Sharity,Fray,sfray1q@taobao.com,Female
64,Ofilia,Meas,omeas1r@netlog.com,Female
65,Janessa,Whyte,jwhyte1s@themeforest.net,Female
66,Christopher,Bringloe,cbringloe1t@unicef.org,Male
67,Shoshana,Antoniazzi,santoniazzi1u@upenn.edu,Bigender
68,Rand,Pickervance,rpickervance1v@upenn.edu,Male
69,Ardine,Doick,adoick1w@nymag.com,Female
70,Lucille,Callar,lcallar1x@scientificamerican.com,Female
71,Lind,Andover,landover1y@chicagotribune.com,Male
72,Papageno,McGilben,pmcgilben1z@spotify.com,Male
73,Christine,Braam,cbraam20@wix.com,Bigender
74,Halimeda,Skehens,hskehens21@tinypic.com,Female
75,Yale,McSporon,ymcsporon22@scribd.com,Male
76,Revkah,Hackwell,rhackwell23@alexa.com,Non-binary
77,Keriann,Duer,kduer24@geocities.com,Female
78,Petra,Lamberteschi,plamberteschi25@ucoz.ru,Female
79,Bart,Denzilow,bdenzilow26@intel.com,Male
80,Scotti,Paterno,spaterno27@amazon.de,Male
81,Jamesy,Kivlehan,jkivlehan28@ox.ac.uk,Male
82,Lizette,Sandwith,lsandwith29@marketwatch.com,Genderfluid
83,Ellette,Wathell,ewathell2a@washington.edu,Female
84,Malchy,Branwhite,mbranwhite2b@yolasite.com,Agender
85,Fanya,Station,fstation2c@google.ru,Female
86,Ada,Lawly,alawly2d@netscape.com,Female
87,Libbey,Adriaan,ladriaan2e@vinaora.com,Female
88,Birdie,Cannaway,bcannaway2f@parallels.com,Female
89,Kippy,Lavell,klavell2g@opera.com,Male
90,Ive,Rivlin,irivlin2h@go.com,Male
91,Mateo,Jerdein,mjerdein2i@baidu.com,Male
92,Wilone,Oggers,woggers2j@cnbc.com,Female
93,Berkeley,Scampion,bscampion2k@shinystat.com,Male
94,Dorey,Vassbender,dvassbender2l@wired.com,Male
95,Joellyn,Charsley,jcharsley2m@naver.com,Female
96,Elsi,Oldland,eoldland2n@furl.net,Non-binary
97,Darci,Tytherton,dtytherton2o@boston.com,Genderqueer
98,Thorvald,Asquez,tasquez2p@seesaa.net,Male
99,Clywd,Witherow,cwitherow2q@shutterfly.com,Male
100,Andee,Hartas,ahartas2r@vkontakte.ru,Female
101,Maggi,Rivard,mrivard2s@soup.io,Female
102,Adamo,Bravey,abravey2t@ameblo.jp,Male
103,Shalom,Kid,skid2u@bluehost.com,Male
104,Giordano,Maudson,gmaudson2v@jiathis.com,Male
105,Sallyann,Quipp,squipp2w@nationalgeographic.com,Female
106,Courtenay,Tweddell,ctweddell2x@umich.edu,Female
107,Diandra,Collyer,dcollyer2y@printfriendly.com,Female
108,Gordon,Klosterman,gklosterman2z@webeden.co.uk,Male
109,Hashim,Mills,hmills30@ted.com,Male
110,Karlie,Torrese,ktorrese31@weebly.com,Non-binary
111,Karie,Alldred,kalldred32@uol.com.br,Female
112,Lindsey,Dawbury,ldawbury33@xinhuanet.com,Female
113,Marven,Tommis,mtommis34@boston.com,Male
114,Tracy,Peek,tpeek35@engadget.com,Female
115,Lotti,Lain,llain36@storify.com,Female
116,Tome,Kamien,tkamien37@over-blog.com,Male
117,Andreana,Loffhead,aloffhead38@yahoo.co.jp,Female
118,Jerrome,Kabsch,jkabsch39@people.com.cn,Male
119,Panchito,Alcoran,palcoran3a@wikispaces.com,Male
120,Tanney,Bench,tbench3b@ycombinator.com,Male
121,Clint,McElwee,cmcelwee3c@blogs.com,Male
122,Troy,Mcwhinnie,tmcwhinnie3d@delicious.com,Male
123,Dasha,Balog,dbalog3e@kickstarter.com,Female
124,Brigitte,Bunting,bbunting3f@rediff.com,Female
125,Tades,Sowman,tsowman3g@about.com,Male
126,Gibb,Stamps,gstamps3h@miibeian.gov.cn,Male
127,Ambros,Seydlitz,aseydlitz3i@japanpost.jp,Male
128,Vachel,Hailston,vhailston3j@ifeng.com,Genderfluid
129,Tull,Slimme,tslimme3k@netscape.com,Male
130,Doro,Pepis,dpepis3l@naver.com,Female
131,Penny,Semon,psemon3m@tripod.com,Female
132,Casey,Malenoir,cmalenoir3n@wordpress.org,Male
133,Evelin,Linsey,elinsey3o@purevolume.com,Male
134,Kahlil,Blankett,kblankett3p@free.fr,Male
135,Ty,Checklin,tchecklin3q@usa.gov,Male
136,Greer,Bottle,gbottle3r@npr.org,Female
137,Collete,Roseblade,croseblade3s@barnesandnoble.com,Female
138,Maryanne,Juliano,mjuliano3t@about.com,Female
139,Jazmin,Topliss,jtopliss3u@sakura.ne.jp,Female
140,Torey,Horick,thorick3v@toplist.cz,Male
141,Corbie,Zollner,czollner3w@statcounter.com,Male
142,Vickie,Currie,vcurrie3x@answers.com,Female
143,Gianina,Blouet,gblouet3y@amazon.de,Female
144,Carver,Sally,csally3z@cnbc.com,Male
145,Anastassia,Carletti,acarletti40@parallels.com,Female
146,Linnea,Knowler,lknowler41@loc.gov,Female
147,Weider,Swanson,wswanson42@apple.com,Male
148,Baillie,Dundon,bdundon43@amazon.com,Male
149,Kalli,De Ambrosis,kdeambrosis44@ucsd.edu,Female
150,Woodie,Risbie,wrisbie45@rediff.com,Male
151,Patience,Biddwell,pbiddwell46@theguardian.com,Female
152,Ethyl,Chamberlaine,echamberlaine47@sourceforge.net,Female
153,Vivienne,Acarson,vacarson48@alexa.com,Female
154,Rebeca,Hethron,rhethron49@washingtonpost.com,Female
155,Alberta,Sorrill,asorrill4a@geocities.com,Female
156,Nola,Andreix,nandreix4b@about.com,Female
157,Lucienne,Esh,lesh4c@wikispaces.com,Female
158,Leona,Antal,lantal4d@sina.com.cn,Female
159,Malcolm,Voce,mvoce4e@instagram.com,Male
160,Jimmie,Fakes,jfakes4f@angelfire.com,Male
161,Gherardo,Kilbane,gkilbane4g@e-recht24.de,Male
162,Selene,Liversidge,sliversidge4h@jugem.jp,Female
163,Ailbert,MacCoveney,amaccoveney4i@1und1.de,Male
164,Rory,Wray,rwray4j@nationalgeographic.com,Male
165,Evyn,Busher,ebusher4k@illinois.edu,Male
166,Milli,Pywell,mpywell4l@sfgate.com,Female
167,Rebbecca,Kornel,rkornel4m@addthis.com,Female
168,Theodor,Fernely,tfernely4n@jalbum.net,Non-binary
169,Arri,Batcheldor,abatcheldor4o@wiley.com,Male
170,Frans,Tarr,ftarr4p@cbc.ca,Agender
171,Juliane,Spurdens,jspurdens4q@youtu.be,Female
172,Blondy,Ebbens,bebbens4r@microsoft.com,Female
173,Sally,Peedell,speedell4s@psu.edu,Female
174,Hillary,Ennever,hennever4t@eepurl.com,Female
175,Gay,Tompkiss,gtompkiss4u@auda.org.au,Female
176,Roy,Syder,rsyder4v@blogger.com,Polygender
177,Stella,Massey,smassey4w@netlog.com,Female
178,Lorita,Surcombe,lsurcombe4x@pen.io,Female
179,Roger,Betterton,rbetterton4y@army.mil,Male
180,Minnnie,Pendle,mpendle4z@yellowpages.com,Female
181,Nestor,Hedin,nhedin50@ameblo.jp,Male
182,Pierrette,Harkin,pharkin51@biglobe.ne.jp,Female
183,Alaric,Comello,acomello52@blogtalkradio.com,Male
184,Hamid,Vanshin,hvanshin53@shop-pro.jp,Male
185,Heath,Colkett,hcolkett54@arizona.edu,Female
186,Galina,Bastable,gbastable55@china.com.cn,Genderqueer
187,Yulma,Physick,yphysick56@mac.com,Male
188,Stephine,Danovich,sdanovich57@unicef.org,Female
189,Torry,McAnulty,tmcanulty58@webmd.com,Male
190,Norean,Longhorn,nlonghorn59@google.com.au,Female
191,Jordon,Nineham,jnineham5a@google.pl,Male
192,Demott,Ong,dong5b@arstechnica.com,Male
193,Romonda,Threlfall,rthrelfall5c@godaddy.com,Female
194,Betty,Bowdon,bbowdon5d@gov.uk,Female
195,Pascale,Burree,pburree5e@ihg.com,Male
196,Alena,MacGilfoyle,amacgilfoyle5f@soundcloud.com,Female
197,Tiebout,Oldfield-Cherry,toldfieldcherry5g@unicef.org,Male
198,Celestyn,Danit,cdanit5h@who.int,Female
199,Gabrila,Dingwall,gdingwall5i@qq.com,Female
200,Ethan,Easthope,eeasthope5j@xrea.com,Male
201,Brooks,Pedrazzi,bpedrazzi5k@mediafire.com,Agender
202,Hedwig,Salery,hsalery5l@hud.gov,Female
203,Helli,Keavy,hkeavy5m@free.fr,Female
204,Boigie,Lavall,blavall5n@gov.uk,Male
205,Alvie,McKinney,amckinney5o@columbia.edu,Male
206,Germana,Vinck,gvinck5p@zdnet.com,Female
207,Archer,Adami,aadami5q@mit.edu,Male
208,Eberto,Haste,ehaste5r@japanpost.jp,Agender
209,Kiah,Celand,kceland5s@over-blog.com,Agender
210,Tandie,Fawlo,tfawlo5t@dell.com,Female
211,Edythe,Tryhorn,etryhorn5u@reuters.com,Female
212,Kaitlin,Ondrak,kondrak5v@bbb.org,Female
213,Marice,Dallmann,mdallmann5w@usatoday.com,Female
214,Tris,Christal,tchristal5x@wiley.com,Male
215,Corie,Wyley,cwyley5y@soup.io,Female
216,Fulvia,Larkins,flarkins5z@live.com,Female
217,Bibi,Hanselmann,bhanselmann60@infoseek.co.jp,Female
218,Dexter,Pailin,dpailin61@g.co,Male
219,Temple,Berthelet,tberthelet62@timesonline.co.uk,Male
220,Corena,Woltman,cwoltman63@technorati.com,Female
221,Liza,Bountiff,lbountiff64@t-online.de,Female
222,Jasper,Dabinett,jdabinett65@cdbaby.com,Male
223,Benetta,Nerne,bnerne66@abc.net.au,Female
224,Chicky,Eilles,ceilles67@phpbb.com,Male
225,Quent,Balassa,qbalassa68@qq.com,Male
226,Madelaine,Adamkiewicz,madamkiewicz69@opensource.org,Female
227,Angelia,Ausher,aausher6a@artisteer.com,Female
228,Lyon,Botfield,lbotfield6b@nationalgeographic.com,Male
229,Gaultiero,Kitchaside,gkitchaside6c@wired.com,Agender
230,Gwenora,Fike,gfike6d@deliciousdays.com,Female
231,Mellie,Mordy,mmordy6e@narod.ru,Female
232,Shelli,Bywater,sbywater6f@homestead.com,Female
233,Kariotta,Servante,kservante6g@google.com.au,Female
234,Alla,Calbert,acalbert6h@europa.eu,Genderfluid
235,Fredrick,McKeown,fmckeown6i@webeden.co.uk,Male
236,Dasya,Gorry,dgorry6j@weather.com,Female
237,Terrie,Bedding,tbedding6k@sohu.com,Female
238,Patrice,Gley,pgley6l@fotki.com,Male
239,Mirabel,O'Shields,moshields6m@ehow.com,Female
240,Hamid,Drohan,hdrohan6n@networkadvertising.org,Male
241,Calhoun,Ellershaw,cellershaw6o@merriam-webster.com,Male
242,Eugenius,Poli,epoli6p@alexa.com,Agender
243,Darcy,Thiolier,dthiolier6q@1und1.de,Female
244,Audra,Swash,aswash6r@hibu.com,Female
245,Alan,Morrieson,amorrieson6s@yahoo.co.jp,Male
246,Broderick,Stanbrooke,bstanbrooke6t@sun.com,Male
247,Liuka,Anslow,lanslow6u@unicef.org,Female
248,Chadwick,Folley,cfolley6v@unblog.fr,Male
249,Freddi,Leverett,fleverett6w@elpais.com,Female
250,Leonie,ducarme,lducarme6x@pen.io,Female
251,Regen,Mathey,rmathey6y@ucsd.edu,Male
252,Meg,Izzatt,mizzatt6z@nasa.gov,Female
253,Gayleen,Gorioli,ggorioli70@imgur.com,Female
254,Fletcher,Dankersley,fdankersley71@utexas.edu,Male
255,Barbey,Stookes,bstookes72@mtv.com,Bigender
256,Tracie,Hully,thully73@typepad.com,Female
257,Eimile,Gautrey,egautrey74@adobe.com,Genderqueer
258,Estrellita,Melvin,emelvin75@dot.gov,Female
259,Glad,Merle,gmerle76@sakura.ne.jp,Female
260,Jerrie,Markwell,jmarkwell77@craigslist.org,Female
261,Charlene,Borton,cborton78@geocities.jp,Female
262,Willyt,Kunneke,wkunneke79@google.co.uk,Female
263,Peter,Lambole,plambole7a@shutterfly.com,Non-binary
264,Vincenz,Rustedge,vrustedge7b@usda.gov,Male
265,Benni,Roseveare,broseveare7c@biglobe.ne.jp,Female
266,Kalli,Breakwell,kbreakwell7d@blogtalkradio.com,Female
267,Brocky,Libbie,blibbie7e@gravatar.com,Male
268,Sherline,Wisniewski,swisniewski7f@ebay.com,Female
269,Jacquelin,Kief,jkief7g@ezinearticles.com,Female
270,Ase,Ebbs,aebbs7h@census.gov,Male
271,Wyn,Litterick,wlitterick7i@rambler.ru,Male
272,Elysha,Lambdean,elambdean7j@booking.com,Female
273,Francklyn,Membry,fmembry7k@t-online.de,Male
274,Lurette,Sheerin,lsheerin7l@mlb.com,Female
275,Uri,Edwardes,uedwardes7m@unc.edu,Male
276,Cristina,Gremane,cgremane7n@google.pl,Female
277,Corbett,Davids,cdavids7o@github.io,Male
278,Orv,Giraldez,ogiraldez7p@facebook.com,Male
279,Katuscha,Bould,kbould7q@trellian.com,Female
280,Dorisa,Scarth,dscarth7r@a8.net,Female
281,Steffi,Pitkins,spitkins7s@reverbnation.com,Female
282,Barnabas,Teague,bteague7t@hatena.ne.jp,Male
283,Jenifer,Ulrik,julrik7u@bizjournals.com,Female
284,Mikael,Lowson,mlowson7v@cnbc.com,Male
285,Kippie,Briscoe,kbriscoe7w@nytimes.com,Female
286,Holden,Barnsdale,hbarnsdale7x@addthis.com,Male
287,Anni,Lamberti,alamberti7y@mediafire.com,Female
288,Gerik,Barehead,gbarehead7z@linkedin.com,Agender
289,Brandtr,Goddard,bgoddard80@google.cn,Male
290,Duky,Feathersby,dfeathersby81@addthis.com,Male
291,Engelbert,Philippon,ephilippon82@theglobeandmail.com,Male
292,Roosevelt,Northley,rnorthley83@ask.com,Male
293,Gasparo,Clashe,gclashe84@devhub.com,Male
294,Rogerio,Strick,rstrick85@auda.org.au,Male
295,Paddie,Hendonson,phendonson86@diigo.com,Male
296,Natal,Beazey,nbeazey87@csmonitor.com,Male
297,Prentice,Astlett,pastlett88@technorati.com,Male
298,Gavan,Scragg,gscragg89@ucsd.edu,Male
299,Saunderson,Pues,spues8a@yelp.com,Male
300,Roma,Cankett,rcankett8b@seesaa.net,Male
301,Evey,Grellier,egrellier8c@sogou.com,Female
302,Arther,Bentall,abentall8d@wiley.com,Male
303,Norbie,Lorens,nlorens8e@shutterfly.com,Male
304,Tatum,Fleischmann,tfleischmann8f@java.com,Genderfluid
305,Patsy,Ginn,pginn8g@cyberchimps.com,Bigender
306,Janella,Babbs,jbabbs8h@behance.net,Female
307,Estrellita,Minshall,eminshall8i@sohu.com,Female
308,Care,Baytrop,cbaytrop8j@msn.com,Male
309,Lauree,Gascone,lgascone8k@yahoo.co.jp,Female
310,Leicester,Carrol,lcarrol8l@indiegogo.com,Male
311,Marsha,Longford,mlongford8m@unc.edu,Female
312,Bil,Grzegorczyk,bgrzegorczyk8n@vimeo.com,Male
313,Kristien,Melmar,kmelmar8o@naver.com,Female
314,Roderick,Ince,rince8p@earthlink.net,Male
315,Ellissa,Grogor,egrogor8q@pcworld.com,Female
316,Gladi,Sprankling,gsprankling8r@home.pl,Female
317,Thornton,Seeking,tseeking8s@eventbrite.com,Male
318,Isidoro,Kleinsinger,ikleinsinger8t@dedecms.com,Male
319,Hamil,Ransley,hransley8u@taobao.com,Male
320,Eb,Courcey,ecourcey8v@pagesperso-orange.fr,Male
321,Teresita,Goddard,tgoddard8w@e-recht24.de,Female
322,Gregorio,Coffey,gcoffey8x@last.fm,Male
323,Gwendolin,Cazalet,gcazalet8y@walmart.com,Female
324,Nicol,Tretwell,ntretwell8z@usda.gov,Male
325,Packston,Sanja,psanja90@salon.com,Male
326,Susanne,Reap,sreap91@reddit.com,Female
327,Judas,Auten,jauten92@instagram.com,Male
328,Rollo,Carlone,rcarlone93@hugedomains.com,Male
329,Karlotte,Bricknall,kbricknall94@opera.com,Female
330,Ruby,Arpin,rarpin95@umich.edu,Female
331,Zaccaria,Biddle,zbiddle96@bravesites.com,Bigender
332,Heidi,Mawd,hmawd97@hud.gov,Female
333,Sanson,Keave,skeave98@scientificamerican.com,Male
334,Findley,Brauner,fbrauner99@latimes.com,Male
335,Karlis,Kaesmans,kkaesmans9a@sfgate.com,Male
336,Francine,Calken,fcalken9b@gravatar.com,Female
337,Livvy,Jerrard,ljerrard9c@wix.com,Female
338,Ruben,O'Mahoney,romahoney9d@reverbnation.com,Male
339,Marian,Feitosa,mfeitosa9e@earthlink.net,Female
340,Rowen,Duley,rduley9f@twitter.com,Male
341,Beverlie,Rama,brama9g@netvibes.com,Genderfluid
342,Gibb,Dablin,gdablin9h@businessweek.com,Non-binary
343,Alvera,Videler,avideler9i@reddit.com,Female
344,Shari,Matts,smatts9j@liveinternet.ru,Female
345,Nonna,Umbers,numbers9k@blogspot.com,Female
346,Donella,Langstone,dlangstone9l@ask.com,Female
347,Benny,Tague,btague9m@paypal.com,Female
348,Ash,Spindler,aspindler9n@ovh.net,Male
349,Cari,Ragborne,cragborne9o@woothemes.com,Female
350,Lars,Foxten,lfoxten9p@nytimes.com,Male
351,Tracie,Couser,tcouser9q@w3.org,Male
352,Ronna,Elmhurst,relmhurst9r@paginegialle.it,Female
353,Bentley,Mogey,bmogey9s@abc.net.au,Male
354,Norrie,Jewson,njewson9t@ft.com,Female
355,Irwinn,Labusquiere,ilabusquiere9u@nbcnews.com,Male
356,Kathryn,Miebes,kmiebes9v@xinhuanet.com,Female
357,Geordie,Zeale,gzeale9w@desdev.cn,Male
358,Meg,Wildblood,mwildblood9x@spotify.com,Female
359,Lonni,Liptrot,lliptrot9y@ycombinator.com,Female
360,Olimpia,Cruttenden,ocruttenden9z@people.com.cn,Female
361,Sarette,Bachelor,sbachelora0@ihg.com,Female
362,Riobard,Rigolle,rrigollea1@wsj.com,Male
363,Marius,Marzelli,mmarzellia2@utexas.edu,Genderqueer
364,Mayne,Dallas,mdallasa3@etsy.com,Male
365,Ky,Gouge,kgougea4@ucla.edu,Male
366,Vivianne,Lohoar,vlohoara5@usnews.com,Female
367,Ginnifer,Broz,gbroza6@stanford.edu,Female
368,Regan,Wearn,rwearna7@about.me,Bigender
369,Claudina,Klawi,cklawia8@dropbox.com,Female
370,Fredra,Caplen,fcaplena9@ibm.com,Female
371,Bearnard,Huguet,bhuguetaa@addthis.com,Male
372,Manuel,Taft,mtaftab@artisteer.com,Male
373,Shelba,Smallcomb,ssmallcombac@latimes.com,Female
374,Gothart,Maccari,gmaccariad@bing.com,Male
375,Mel,Uzelli,muzelliae@bloglovin.com,Male
376,Jae,Cuolahan,jcuolahanaf@japanpost.jp,Male
377,Stefa,De Brett,sdebrettag@furl.net,Female
378,Bobby,Gaggen,bgaggenah@e-recht24.de,Male
379,Beaufort,Kleingrub,bkleingrubai@cbsnews.com,Male
380,Wolfy,Adkin,wadkinaj@blogs.com,Male
381,Bryana,Cana,bcanaak@cdbaby.com,Female
382,Debora,Goodrick,dgoodrickal@stumbleupon.com,Female
383,Fidel,Stonhewer,fstonheweram@imageshack.us,Male
384,Doro,Lucy,dlucyan@youtube.com,Female
385,Ethyl,Druery,edrueryao@pen.io,Genderqueer
386,Caryl,Newport,cnewportap@newsvine.com,Female
387,Brendon,Chitty,bchittyaq@google.com.hk,Male
388,Rachele,Oke,rokear@addtoany.com,Female
389,Carlyle,Formilli,cformillias@latimes.com,Male
390,Jud,Downs,jdownsat@vkontakte.ru,Male
391,Allister,Levesque,alevesqueau@phpbb.com,Male
392,Elberta,Butte,ebutteav@comcast.net,Female
393,Sheilah,Soles,ssolesaw@google.nl,Female
394,Purcell,Ebbitt,pebbittax@umich.edu,Male
395,Lorilyn,Karpov,lkarpovay@cnn.com,Female
396,Dagny,Sanders,dsandersaz@live.com,Male
397,Berke,Gwyther,bgwytherb0@youtube.com,Male
398,Lynnet,Gainsford,lgainsfordb1@cbslocal.com,Polygender
399,Charline,Sertin,csertinb2@whitehouse.gov,Female
400,Elsbeth,Oiseau,eoiseaub3@google.co.uk,Female
401,Isadore,Michin,imichinb4@buzzfeed.com,Male
402,Hortense,Paprotny,hpaprotnyb5@businessinsider.com,Female
403,Bruce,Lomasney,blomasneyb6@mozilla.org,Male
404,Selma,Bellenger,sbellengerb7@ucoz.com,Female
405,Arvie,Casetti,acasettib8@istockphoto.com,Agender
406,Fidel,Krop,fkropb9@hubpages.com,Male
407,Web,But,wbutba@vkontakte.ru,Genderfluid
408,Karrah,Codron,kcodronbb@samsung.com,Female
409,Konstantin,Paton,kpatonbc@unesco.org,Genderfluid
410,Constanta,Kenwood,ckenwoodbd@cafepress.com,Female
411,Sherilyn,Hallgarth,shallgarthbe@webnode.com,Female
412,Charles,Merioth,cmeriothbf@webeden.co.uk,Male
413,Dedie,Beeswing,dbeeswingbg@cornell.edu,Female
414,Geoffrey,Carnson,gcarnsonbh@amazon.de,Male
415,Korry,Ivashov,kivashovbi@about.com,Female
416,Cash,Dolligon,cdolligonbj@wiley.com,Male
417,Thayne,Negro,tnegrobk@netvibes.com,Polygender
418,Renate,Farden,rfardenbl@mozilla.org,Female
419,Robbi,Carren,rcarrenbm@sourceforge.net,Female
420,Noellyn,Archbold,narchboldbn@dailymotion.com,Female
421,Grace,Houselee,ghouseleebo@census.gov,Female
422,Athene,Camerana,acameranabp@miitbeian.gov.cn,Female
423,Godfry,Ewbanche,gewbanchebq@ftc.gov,Male
424,Nolan,Hutley,nhutleybr@ucsd.edu,Male
425,Latrina,Cundy,lcundybs@loc.gov,Female
426,Rafferty,Crasswell,rcrasswellbt@sitemeter.com,Male
427,Clea,Sprigin,cspriginbu@hostgator.com,Female
428,Patti,Petworth,ppetworthbv@yelp.com,Female
429,Melonie,Insull,minsullbw@aol.com,Female
430,Deb,Paulisch,dpaulischbx@arizona.edu,Female
431,Gawen,Keener,gkeenerby@aboutads.info,Male
432,Erwin,Rolfe,erolfebz@cnn.com,Male
433,Hesther,See,hseec0@sohu.com,Female
434,Nadiya,Warret,nwarretc1@marriott.com,Female
435,Eliza,Danihel,edanihelc2@mlb.com,Polygender
436,Ronica,Boneham,rbonehamc3@sbwire.com,Female
437,Gisella,Weighell,gweighellc4@chicagotribune.com,Female
438,Peyton,Sherman,pshermanc5@uol.com.br,Male
439,Bran,Teasey,bteaseyc6@google.com.br,Male
440,Stanfield,Vasovic,svasovicc7@quantcast.com,Male
441,Gaspar,Flippini,gflippinic8@gnu.org,Male
442,Bonnee,Toor,btoorc9@va.gov,Female
443,Irwinn,Raspel,iraspelca@a8.net,Male
444,Tammie,Cominello,tcominellocb@phpbb.com,Male
445,Dan,Charon,dcharoncc@youtu.be,Male
446,Eziechiele,Edginton,eedgintoncd@wikia.com,Male
447,Sterne,Mulderrig,smulderrigce@e-recht24.de,Male
448,Jonie,Elsby,jelsbycf@diigo.com,Female
449,Othilia,McGovern,omcgoverncg@joomla.org,Female
450,Francklin,Yegorovnin,fyegorovninch@latimes.com,Agender
451,Samantha,Huddlestone,shuddlestoneci@ftc.gov,Bigender
452,Muriel,Middler,mmiddlercj@huffingtonpost.com,Female
453,Lenka,Hampstead,lhampsteadck@digg.com,Female
454,Gregg,Minucci,gminuccicl@purevolume.com,Male
455,Max,Mehew,mmehewcm@domainmarket.com,Female
456,Meredith,Varey,mvareycn@google.ca,Male
457,Rudiger,MacRirie,rmacririeco@answers.com,Male
458,Arabel,Delepine,adelepinecp@eventbrite.com,Female
459,Anabal,Creed,acreedcq@cmu.edu,Female
460,Godfrey,Grubb,ggrubbcr@shutterfly.com,Male
461,Nalani,Tant,ntantcs@yellowpages.com,Female
462,Nathan,Scogings,nscogingsct@storify.com,Male
463,Rockwell,Zukerman,rzukermancu@miitbeian.gov.cn,Male
464,Holly-anne,Lemary,hlemarycv@alibaba.com,Female
465,Amby,Delamar,adelamarcw@dot.gov,Male
466,Carlita,McTavish,cmctavishcx@dedecms.com,Female
467,Ebba,Kerner,ekernercy@scientificamerican.com,Female
468,Melli,Bartoszek,mbartoszekcz@drupal.org,Female
469,Desdemona,Sennett,dsennettd0@yellowbook.com,Female
470,Whitney,Bleas,wbleasd1@deliciousdays.com,Male
471,Chastity,Shovelbottom,cshovelbottomd2@liveinternet.ru,Female
472,Zena,Hurn,zhurnd3@eventbrite.com,Female
473,Gasper,Lindenstrauss,glindenstraussd4@spotify.com,Male
474,Susi,Northrop,snorthropd5@apple.com,Female
475,Ginevra,Marushak,gmarushakd6@cam.ac.uk,Female
476,Clayborn,Junes,cjunesd7@craigslist.org,Male
477,Bealle,Keener,bkeenerd8@mit.edu,Male
478,Mavis,Howsin,mhowsind9@dmoz.org,Female
479,Ginnifer,Pohls,gpohlsda@mediafire.com,Bigender
480,Saree,Labro,slabrodb@ycombinator.com,Female
481,Janis,Curless,jcurlessdc@hexun.com,Female
482,Kirstin,Navein,knaveindd@facebook.com,Female
483,Onfroi,Byres,obyresde@jimdo.com,Male
484,Shaw,Denisyev,sdenisyevdf@booking.com,Male
485,Freeland,Couves,fcouvesdg@techcrunch.com,Male
486,Alford,Marmion,amarmiondh@bravesites.com,Male
487,Phylis,Kunath,pkunathdi@imdb.com,Female
488,Arleen,Stallwood,astallwooddj@usgs.gov,Female
489,Peter,Perazzo,pperazzodk@mozilla.org,Male
490,Raimund,Swann,rswanndl@ocn.ne.jp,Male
491,Cello,Erb,cerbdm@cnn.com,Male
492,Floria,Stonebridge,fstonebridgedn@biglobe.ne.jp,Female
493,Betty,Coldbreath,bcoldbreathdo@google.com,Female
494,Lenka,Probart,lprobartdp@barnesandnoble.com,Female
495,Sanders,Pickrill,spickrilldq@irs.gov,Male
496,Lacy,Cubbon,lcubbondr@house.gov,Genderfluid
497,Valaree,Beernaert,vbeernaertds@multiply.com,Female
498,Twila,O' Hogan,tohogandt@squarespace.com,Female
499,Rhetta,Darte,rdartedu@ebay.com,Female
500,Byrom,Sharville,bsharvilledv@opensource.org,Male
501,Jon,Wychard,jwycharddw@home.pl,Male
502,Noreen,Clewley,nclewleydx@bloglovin.com,Female
503,Madelin,Carlsen,mcarlsendy@google.co.uk,Female
504,Conan,Burrel,cburreldz@youtu.be,Male
505,Reggie,Shotboulte,rshotboultee0@businesswire.com,Non-binary
506,Dun,Fihelly,dfihellye1@qq.com,Male
507,Yanaton,Spinella,yspinellae2@weather.com,Male
508,Guillaume,Fridd,gfridde3@rakuten.co.jp,Male
509,Hildagarde,Slyvester,hslyvestere4@sakura.ne.jp,Female
510,Christye,Gebbie,cgebbiee5@cmu.edu,Female
511,Magda,Basezzi,mbasezzie6@mediafire.com,Female
512,Marilee,Rodenborch,mrodenborche7@cyberchimps.com,Female
513,Tatiania,Spacie,tspaciee8@prweb.com,Female
514,Miguela,Scarf,mscarfe9@blogtalkradio.com,Female
515,Reagen,MacSorley,rmacsorleyea@tumblr.com,Polygender
516,Winne,Casserly,wcasserlyeb@miibeian.gov.cn,Female
517,Felix,Shiell,fshiellec@prweb.com,Male
518,Sampson,Nettleship,snettleshiped@bloglines.com,Agender
519,Alecia,Cleland,aclelandee@sourceforge.net,Female
520,Sabina,Garr,sgarref@toplist.cz,Female
521,Cathyleen,Kingsmill,ckingsmilleg@slate.com,Female
522,Hendrik,Wolfarth,hwolfartheh@homestead.com,Male
523,Fanchon,Crewes,fcrewesei@cmu.edu,Female
524,Ingrim,Van der Mark,ivandermarkej@fotki.com,Agender
525,Pryce,Splevins,psplevinsek@virginia.edu,Male
526,Kristoforo,Beumant,kbeumantel@163.com,Male
527,Alyson,Westfield,awestfieldem@ucsd.edu,Female
528,Celestina,Hawtry,chawtryen@illinois.edu,Female
529,Dione,Fiddeman,dfiddemaneo@istockphoto.com,Female
530,Leonerd,McCluskey,lmccluskeyep@wisc.edu,Male
531,Salome,Groneway,sgronewayeq@cnn.com,Female
532,Arabelle,MacIlory,amaciloryer@tinypic.com,Female
533,Ange,Grigoletti,agrigoletties@mac.com,Male
534,Maje,Raeside,mraesideet@ucoz.com,Male
535,Corrina,Lunge,clungeeu@cnbc.com,Female
536,Tybalt,Jimpson,tjimpsonev@salon.com,Male
537,Mikkel,Simonite,msimoniteew@ftc.gov,Male
538,Manya,Duggen,mduggenex@nasa.gov,Female
539,Dacy,Hales,dhalesey@bbb.org,Female
540,Lenci,Gronou,lgronouez@fotki.com,Genderqueer
541,Honey,Ludwig,hludwigf0@wikimedia.org,Female
542,Rufe,Iverson,riversonf1@answers.com,Male
543,Editha,Mustarde,emustardef2@mayoclinic.com,Female
544,Tann,Loseke,tlosekef3@hud.gov,Male
545,Rozanna,Alyoshin,ralyoshinf4@de.vu,Female
546,Gardy,Caller,gcallerf5@examiner.com,Male
547,Mara,Goane,mgoanef6@economist.com,Female
548,Dame,Gatsby,dgatsbyf7@google.fr,Male
549,Dagny,Brompton,dbromptonf8@uiuc.edu,Male
550,Hetty,Gilcrist,hgilcristf9@about.com,Female
551,Mureil,Walcot,mwalcotfa@sakura.ne.jp,Female
552,Dian,Gidman,dgidmanfb@admin.ch,Female
553,Erna,Matcham,ematchamfc@hp.com,Female
554,Brenda,Blakeslee,bblakesleefd@arstechnica.com,Female
555,Gary,Chiddy,gchiddyfe@opera.com,Male
556,Trueman,Monteath,tmonteathff@whitehouse.gov,Male
557,Lenard,Trouel,ltrouelfg@bloglovin.com,Male
558,Eileen,Tippin,etippinfh@archive.org,Female
559,Darell,Martina,dmartinafi@noaa.gov,Female
560,Donnamarie,Kinner,dkinnerfj@cpanel.net,Female
561,Aretha,Barnsdale,abarnsdalefk@studiopress.com,Female
562,Darius,Queen,dqueenfl@blogger.com,Male
563,Cindy,Mayler,cmaylerfm@blogger.com,Female
564,Stirling,Chancellor,schancellorfn@cornell.edu,Male
565,Jasun,Jenicek,jjenicekfo@meetup.com,Genderqueer
566,Doralyn,Manclark,dmanclarkfp@amazonaws.com,Female
567,Nanny,Ship,nshipfq@sciencedaily.com,Female
568,Aldis,Peckitt,apeckittfr@cnn.com,Male
569,Jenifer,Scampion,jscampionfs@vimeo.com,Female
570,Helenelizabeth,Van Giffen,hvangiffenft@taobao.com,Agender
571,Aldwin,Graveson,agravesonfu@google.com,Bigender
572,Cornelia,Thomazet,cthomazetfv@merriam-webster.com,Female
573,Darcee,Hamberston,dhamberstonfw@webnode.com,Female
574,Christalle,Gawkes,cgawkesfx@omniture.com,Female
575,Deni,Garfirth,dgarfirthfy@meetup.com,Female
576,Hardy,Cordall,hcordallfz@wisc.edu,Male
577,Eveline,McKinnon,emckinnong0@ucoz.com,Female
578,Edna,Daynter,edaynterg1@youtu.be,Bigender
579,Rubin,McKern,rmckerng2@myspace.com,Male
580,Johannah,Zelland,jzellandg3@rambler.ru,Female
581,Concettina,McKechnie,cmckechnieg4@oaic.gov.au,Agender
582,Pearle,Ostrich,postrichg5@yolasite.com,Female
583,Cordy,McGuane,cmcguaneg6@archive.org,Female
584,Roselin,Skerme,rskermeg7@dell.com,Female
585,Gram,Palser,gpalserg8@com.com,Male
586,Tad,Pinney,tpinneyg9@flickr.com,Male
587,Tilly,Shillabeare,tshillabearega@bloomberg.com,Female
588,Inga,Wagner,iwagnergb@hud.gov,Female
589,Knox,Sharrock,ksharrockgc@flickr.com,Male
590,Anabel,Tyne,atynegd@patch.com,Female
591,Mata,Schimoni,mschimonige@dropbox.com,Male
592,Silvio,Walewski,swalewskigf@ehow.com,Male
593,Laurel,Barlas,lbarlasgg@youtu.be,Female
594,Antons,Espadater,aespadatergh@wiley.com,Male
595,Ruddie,Brine,rbrinegi@qq.com,Polygender
596,Dena,Logan,dlogangj@marriott.com,Female
597,Fair,Bakeup,fbakeupgk@cnbc.com,Male
598,Marji,Arnaudon,marnaudongl@gnu.org,Female
599,Horatia,Keating,hkeatinggm@aboutads.info,Female
600,Ricoriki,Fleeming,rfleeminggn@fastcompany.com,Male
601,Willyt,Engley,wengleygo@amazon.co.uk,Female
602,Lew,Hamlett,lhamlettgp@4shared.com,Male
603,Cherry,Pendergrast,cpendergrastgq@illinois.edu,Female
604,Tamarah,Egdal,tegdalgr@surveymonkey.com,Female
605,Sayres,Kensington,skensingtongs@fc2.com,Male
606,Haroun,Latter,hlattergt@yellowbook.com,Male
607,Evonne,Durtnel,edurtnelgu@chronoengine.com,Female
608,Levi,Breslauer,lbreslauergv@miitbeian.gov.cn,Male
609,Natividad,Howood,nhowoodgw@gov.uk,Female
610,Garwood,Matushevitz,gmatushevitzgx@tumblr.com,Male
611,Paige,Dalzell,pdalzellgy@tamu.edu,Agender
612,Novelia,Dotson,ndotsongz@wikipedia.org,Female
613,Field,Lebrun,flebrunh0@narod.ru,Male
614,Felike,O'Hare,fohareh1@github.com,Male
615,Breena,Cleverly,bcleverlyh2@i2i.jp,Female
616,Rollins,Barbour,rbarbourh3@pbs.org,Male
617,Linnie,Balassi,lbalassih4@typepad.com,Female
618,Kipp,Berrycloth,kberryclothh5@cyberchimps.com,Female
619,Freeland,Bradburne,fbradburneh6@ning.com,Male
620,Orion,Barden,obardenh7@com.com,Genderfluid
621,Esme,Rucklidge,erucklidgeh8@howstuffworks.com,Female
622,Corie,Flintoff,cflintoffh9@hp.com,Female
623,Roldan,McColm,rmccolmha@mozilla.org,Male
624,Hew,Strood,hstroodhb@ebay.co.uk,Male
625,Sherlock,Benfell,sbenfellhc@altervista.org,Male
626,Rodi,Lefever,rlefeverhd@meetup.com,Genderqueer
627,Wallie,Oxborrow,woxborrowhe@wisc.edu,Male
628,Goldi,Muldrew,gmuldrewhf@ucoz.com,Female
629,Parker,Oxteby,poxtebyhg@google.com.au,Male
630,Efren,Seman,esemanhh@github.com,Non-binary
631,Vanya,Kollasch,vkollaschhi@hostgator.com,Male
632,Martina,Samme,msammehj@twitter.com,Female
633,Britney,Stripling,bstriplinghk@csmonitor.com,Female
634,Eloise,Iveans,eiveanshl@virginia.edu,Female
635,Clim,Bodill,cbodillhm@disqus.com,Male
636,Cecelia,Evamy,cevamyhn@lulu.com,Female
637,Hamid,Orpen,horpenho@vistaprint.com,Male
638,Keven,Cater,kcaterhp@gov.uk,Male
639,Darcy,Skokoe,dskokoehq@squidoo.com,Female
640,Shay,Troy,stroyhr@shinystat.com,Male
641,Aldous,Bourdon,abourdonhs@nhs.uk,Male
642,Dede,Drewry,ddrewryht@comcast.net,Female
643,Gwenny,Beyn,gbeynhu@hatena.ne.jp,Female
644,Doralin,Pandya,dpandyahv@reddit.com,Female
645,Leda,Szymanowicz,lszymanowiczhw@yandex.ru,Female
646,Anet,Gerbi,agerbihx@nymag.com,Female
647,Jandy,Gingell,jgingellhy@homestead.com,Female
648,Joelie,Lardier,jlardierhz@mlb.com,Female
649,Jori,Sinfield,jsinfieldi0@linkedin.com,Female
650,Findlay,Leadbetter,fleadbetteri1@smh.com.au,Male
651,Kai,Mincher,kmincheri2@nifty.com,Female
652,Laurence,Segar,lsegari3@globo.com,Male
653,Blondell,Reaveley,breaveleyi4@ask.com,Genderqueer
654,Forrester,Tocknell,ftocknelli5@reddit.com,Male
655,Dagny,Button,dbuttoni6@addthis.com,Male
656,Padraig,Kember,pkemberi7@youtube.com,Male
657,Debora,Gorusso,dgorussoi8@a8.net,Female
658,Aguste,Ezzell,aezzelli9@tripod.com,Non-binary
659,Tallie,Laurens,tlaurensia@accuweather.com,Female
660,Brander,Sorton,bsortonib@fotki.com,Male
661,Rik,Pagden,rpagdenic@topsy.com,Bigender
662,Tobie,Ranahan,tranahanid@ucla.edu,Male
663,Guido,Ilewicz,gilewiczie@ocn.ne.jp,Male
664,Gaye,Beaufoy,gbeaufoyif@hud.gov,Female
665,Noam,Latore,nlatoreig@weather.com,Male
666,Stanislas,Butterley,sbutterleyih@blogspot.com,Male
667,Leonanie,Wakeling,lwakelingii@uol.com.br,Female
668,Chance,Rousel,crouselij@geocities.jp,Male
669,Linc,Verbrugghen,lverbrugghenik@tripod.com,Male
670,Wallas,Nowland,wnowlandil@purevolume.com,Male
671,Benedict,Dyne,bdyneim@msu.edu,Non-binary
672,Deanna,Guillotin,dguillotinin@123-reg.co.uk,Female
673,Alys,Karleman,akarlemanio@kickstarter.com,Female
674,Boony,Locock,blocockip@youtube.com,Male
675,Bobina,Durrett,bdurrettiq@statcounter.com,Female
676,Clary,Blann,cblannir@dyndns.org,Female
677,Marty,Deport,mdeportis@w3.org,Male
678,Adriaens,Starmer,astarmerit@fotki.com,Female
679,Audra,Puttock,aputtockiu@histats.com,Female
680,Helena,Kensington,hkensingtoniv@cmu.edu,Female
681,Farrel,McGregor,fmcgregoriw@archive.org,Male
682,Wye,Crispin,wcrispinix@latimes.com,Male
683,Gracie,Medling,gmedlingiy@ocn.ne.jp,Female
684,Olimpia,Dandy,odandyiz@samsung.com,Female
685,Sully,Goding,sgodingj0@google.pl,Male
686,Claudetta,Geering,cgeeringj1@blog.com,Female
687,Kearney,Troak,ktroakj2@umn.edu,Male
688,Klarrisa,Banbury,kbanburyj3@newyorker.com,Female
689,Romola,Larcier,rlarcierj4@cdbaby.com,Female
690,Sibeal,Eade,seadej5@scribd.com,Female
691,Lyda,MacGebenay,lmacgebenayj6@wsj.com,Female
692,Nesta,Lauderdale,nlauderdalej7@irs.gov,Female
693,Ivory,MacGow,imacgowj8@yelp.com,Female
694,Silvester,Seppey,sseppeyj9@soup.io,Male
695,Fowler,MacKnockiter,fmacknockiterja@1und1.de,Male
696,Sayer,Bromidge,sbromidgejb@nymag.com,Male
697,Kermy,McGeechan,kmcgeechanjc@ocn.ne.jp,Male
698,Ailsun,Jeandet,ajeandetjd@huffingtonpost.com,Female
699,Cornell,Goodday,cgooddayje@xing.com,Male
700,Marlo,Romanelli,mromanellijf@smh.com.au,Female
701,Granny,Yglesia,gyglesiajg@cbc.ca,Male
702,Cole,Chicchelli,cchicchellijh@biglobe.ne.jp,Male
703,Randi,McFadin,rmcfadinji@senate.gov,Male
704,Anderson,Cudiff,acudiffjj@1und1.de,Male
705,Alisha,Annon,aannonjk@alexa.com,Female
706,Drona,Von Der Empten,dvonderemptenjl@pinterest.com,Female
707,Barn,Ensley,bensleyjm@pen.io,Male
708,Henri,Cohen,hcohenjn@cbslocal.com,Male
709,Adeline,Thulborn,athulbornjo@skyrock.com,Female
710,Gardener,Scholz,gscholzjp@sohu.com,Male
711,Timotheus,Glencorse,tglencorsejq@aboutads.info,Male
712,Gwenette,Tacon,gtaconjr@hc360.com,Polygender
713,Marj,Lecount,mlecountjs@dropbox.com,Bigender
714,Laina,Rijkeseis,lrijkeseisjt@amazon.de,Female
715,Daniela,Conahy,dconahyju@topsy.com,Female
716,Katherina,Chastey,kchasteyjv@gravatar.com,Female
717,Gerhardine,Prator,gpratorjw@who.int,Female
718,Analise,Ebdon,aebdonjx@hp.com,Female
719,Beitris,Tull,btulljy@cnn.com,Female
720,Avrom,Ramey,arameyjz@army.mil,Male
721,Leone,Pisco,lpiscok0@cmu.edu,Female
722,Essie,Janowski,ejanowskik1@cyberchimps.com,Female
723,Arleta,Besant,abesantk2@mediafire.com,Female
724,Land,Beadman,lbeadmank3@vistaprint.com,Male
725,Billi,Prangnell,bprangnellk4@vistaprint.com,Female
726,Lorenzo,Esslemont,lesslemontk5@instagram.com,Male
727,Sandor,Larcombe,slarcombek6@homestead.com,Male
728,Shandra,Itzhaki,sitzhakik7@ameblo.jp,Agender
729,Kory,Hyslop,khyslopk8@blinklist.com,Male
730,Max,McMonies,mmcmoniesk9@bbb.org,Male
731,Sigvard,Lawrinson,slawrinsonka@deliciousdays.com,Male
732,Horace,O' Mahony,homahonykb@addthis.com,Male
733,Guglielma,Deppen,gdeppenkc@weibo.com,Female
734,Nehemiah,Grogor,ngrogorkd@ocn.ne.jp,Male
735,Levey,Brake,lbrakeke@devhub.com,Male
736,Tallie,Lygo,tlygokf@jigsy.com,Female
737,Eugenio,Di Pietro,edipietrokg@1und1.de,Male
738,Dorothea,Warlaw,dwarlawkh@rakuten.co.jp,Female
739,Tobit,Paoli,tpaoliki@hao123.com,Male
740,Colver,Shapcott,cshapcottkj@freewebs.com,Male
741,Joanna,O'Murtagh,jomurtaghkk@posterous.com,Female
742,Shaylynn,Pietesch,spieteschkl@geocities.com,Female
743,Vanya,Carrett,vcarrettkm@nytimes.com,Male
744,Rogers,Ramsbotham,rramsbothamkn@xing.com,Male
745,Briney,Scandrick,bscandrickko@usda.gov,Genderqueer
746,Town,McMechan,tmcmechankp@msu.edu,Male
747,Rex,Freddi,rfreddikq@deviantart.com,Male
748,Verena,Mayes,vmayeskr@ox.ac.uk,Female
749,Andras,Brownstein,abrownsteinks@yahoo.com,Male
750,Frank,Lissandrini,flissandrinikt@histats.com,Male
751,Hildagarde,Snaddon,hsnaddonku@vimeo.com,Female
752,Maximilien,McVeighty,mmcveightykv@time.com,Male
753,Beret,Bridell,bbridellkw@fastcompany.com,Female
754,Dudley,Longbothom,dlongbothomkx@ibm.com,Male
755,Addy,Keaves,akeavesky@acquirethisname.com,Female
756,Dre,Priel,dprielkz@hugedomains.com,Female
757,Grier,Algy,galgyl0@printfriendly.com,Female
758,Lazaro,Setford,lsetfordl1@tuttocitta.it,Male
759,Bernie,Wiltshire,bwiltshirel2@sfgate.com,Male
760,Harwell,Harrisson,hharrissonl3@nps.gov,Male
761,Godart,Kerrod,gkerrodl4@hibu.com,Genderfluid
762,Chilton,Hush,chushl5@pen.io,Male
763,Guillema,Kondratyuk,gkondratyukl6@apache.org,Female
764,Mohandas,Ferrandez,mferrandezl7@deliciousdays.com,Male
765,Brittani,Darque,bdarquel8@amazon.com,Female
766,Freddie,Spaule,fspaulel9@java.com,Male
767,Brant,Lunny,blunnyla@google.cn,Male
768,Evanne,Benitti,ebenittilb@dedecms.com,Female
769,Nichols,Abele,nabelelc@google.co.jp,Male
770,Esmeralda,Cleminshaw,ecleminshawld@time.com,Female
771,Thia,Pettet,tpettetle@cbslocal.com,Female
772,Omar,Massinger,omassingerlf@sfgate.com,Male
773,Jaquelin,Perulli,jperullilg@hao123.com,Female
774,Mildrid,Bywater,mbywaterlh@alexa.com,Female
775,Pincus,Heliot,pheliotli@nymag.com,Male
776,Redd,Elverston,relverstonlj@amazon.de,Male
777,Hagan,Lindmark,hlindmarklk@last.fm,Male
778,Gregorius,Radbond,gradbondll@hao123.com,Male
779,Raven,Backes,rbackeslm@xrea.com,Female
780,Kaleb,Poles,kpolesln@huffingtonpost.com,Male
781,Giordano,Keaves,gkeaveslo@shinystat.com,Male
782,Kellby,Wetheril,kwetherillp@deliciousdays.com,Male
783,Niles,Castagnier,ncastagnierlq@cloudflare.com,Male
784,Vernen,Haszard,vhaszardlr@berkeley.edu,Male
785,Amara,Lingner,alingnerls@noaa.gov,Female
786,Kakalina,Blezard,kblezardlt@hibu.com,Female
787,Laughton,Thickpenny,lthickpennylu@cam.ac.uk,Genderqueer
788,Dante,Elen,delenlv@bloglovin.com,Male
789,Luisa,Beggan,lbegganlw@trellian.com,Genderqueer
790,Shandie,Maeer,smaeerlx@skyrock.com,Female
791,Gannie,Medling,gmedlingly@tamu.edu,Male
792,Gery,Haney,ghaneylz@photobucket.com,Male
793,Gifford,Barnsley,gbarnsleym0@yale.edu,Male
794,Samuel,Jarry,sjarrym1@shinystat.com,Male
795,Teodor,de Courcy,tdecourcym2@va.gov,Male
796,Dael,Guerrero,dguerrerom3@gov.uk,Female
797,Wade,Morson,wmorsonm4@issuu.com,Male
798,Beck,Attersoll,battersollm5@rakuten.co.jp,Male
799,Franklin,Sollner,fsollnerm6@walmart.com,Male
800,Webb,Gergler,wgerglerm7@bbc.co.uk,Male
801,Roma,Martignon,rmartignonm8@usa.gov,Male
802,Ibbie,Ridgwell,iridgwellm9@google.es,Female
803,Stefanie,Anthonies,santhoniesma@163.com,Agender
804,Leone,Drewell,ldrewellmb@vkontakte.ru,Female
805,Willie,Skone,wskonemc@themeforest.net,Female
806,Shaine,Walley,swalleymd@mail.ru,Female
807,Kendra,Antonijevic,kantonijevicme@reverbnation.com,Female
808,Tanny,Rowet,trowetmf@google.nl,Male
809,Piper,Dobbinson,pdobbinsonmg@home.pl,Female
810,Auberon,Dedney,adedneymh@squarespace.com,Male
811,Judi,Merryweather,jmerryweathermi@github.io,Female
812,Alaster,Fellowes,afellowesmj@posterous.com,Male
813,Maye,Kittman,mkittmanmk@amazon.co.jp,Female
814,Margaux,Grimsley,mgrimsleyml@prnewswire.com,Female
815,Ludovico,Moakler,lmoaklermm@si.edu,Male
816,Sayers,Gyngell,sgyngellmn@ox.ac.uk,Male
817,Zacharie,Pardey,zpardeymo@spotify.com,Genderfluid
818,Krysta,Lyste,klystemp@sourceforge.net,Female
819,Angeline,Clunie,acluniemq@tripadvisor.com,Female
820,Jasun,Cobelli,jcobellimr@dropbox.com,Male
821,Isa,Jeaneau,ijeaneaums@etsy.com,Female
822,Eunice,Ducket,educketmt@google.nl,Female
823,Ethan,Matchell,ematchellmu@rediff.com,Male
824,Marline,D'eath,mdeathmv@technorati.com,Female
825,Vivianne,Selway,vselwaymw@gnu.org,Bigender
826,Nealson,Moreinu,nmoreinumx@squarespace.com,Male
827,Had,Aldhous,haldhousmy@kickstarter.com,Male
828,Retha,Dysert,rdysertmz@multiply.com,Female
829,Nan,Really,nreallyn0@google.cn,Female
830,Kerk,Foord,kfoordn1@earthlink.net,Male
831,Warren,Alner,walnern2@nsw.gov.au,Male
832,Syman,Anetts,sanettsn3@php.net,Male
833,Alexandrina,Carley,acarleyn4@upenn.edu,Female
834,Armstrong,Swannie,aswannien5@ovh.net,Male
835,Nahum,Mounfield,nmounfieldn6@nydailynews.com,Non-binary
836,Tobe,Stigers,tstigersn7@freewebs.com,Polygender
837,Nessi,Pawlick,npawlickn8@umich.edu,Female
838,Adamo,Gull,agulln9@bloglovin.com,Male
839,Daveta,Ebunoluwa,debunoluwana@yolasite.com,Female
840,Spenser,Doughill,sdoughillnb@japanpost.jp,Male
841,Bradney,Bodimeade,bbodimeadenc@unicef.org,Male
842,Nehemiah,Luchetti,nluchettind@tripod.com,Male
843,Van,Micheli,vmicheline@buzzfeed.com,Male
844,Jedidiah,Padgham,jpadghamnf@theguardian.com,Male
845,Wildon,Stonman,wstonmanng@exblog.jp,Male
846,Bruce,Walter,bwalternh@elpais.com,Male
847,Adela,Jakoubek,ajakoubekni@auda.org.au,Female
848,Gaylor,Hiorn,ghiornnj@omniture.com,Male
849,Buddy,Parradye,bparradyenk@ft.com,Male
850,Kasper,Pennicard,kpennicardnl@intel.com,Male
851,Eustacia,Biaggiotti,ebiaggiottinm@ihg.com,Female
852,Stearn,Hebner,shebnernn@nytimes.com,Male
853,Idaline,Hicks,ihicksno@admin.ch,Female
854,Zed,Matussevich,zmatussevichnp@jugem.jp,Male
855,Brooke,Scorey,bscoreynq@jimdo.com,Female
856,Tucker,Klimus,tklimusnr@pbs.org,Genderqueer
857,Jessee,Vakhonin,jvakhoninns@chicagotribune.com,Male
858,Adolphus,Cozins,acozinsnt@mysql.com,Male
859,Kassie,Thomel,kthomelnu@wunderground.com,Female
860,Billy,Braithwait,bbraithwaitnv@meetup.com,Female
861,Mahmud,Badham,mbadhamnw@hp.com,Male
862,Sampson,Chattock,schattocknx@xrea.com,Male
863,Gabbi,Lead,gleadny@deliciousdays.com,Female
864,Lorrie,Haruard,lharuardnz@jugem.jp,Female
865,Travis,Graveson,tgravesono0@php.net,Male
866,Robyn,Carrier,rcarriero1@nsw.gov.au,Female
867,Agna,Bebbington,abebbingtono2@hao123.com,Female
868,Curtis,Pavel,cpavelo3@nationalgeographic.com,Male
869,Joaquin,Skipworth,jskipwortho4@hhs.gov,Male
870,Calv,Kment,ckmento5@wisc.edu,Male
871,Floyd,Pine,fpineo6@wikia.com,Male
872,Carmella,Tunstall,ctunstallo7@360.cn,Female
873,Valeria,Searchfield,vsearchfieldo8@xinhuanet.com,Female
874,Harlen,Curson,hcursono9@discuz.net,Male
875,Meagan,Thoumas,mthoumasoa@tuttocitta.it,Female
876,Susanne,Sneath,ssneathob@phpbb.com,Female
877,Ignaz,Allcock,iallcockoc@artisteer.com,Male
878,Carlotta,Warrender,cwarrenderod@yandex.ru,Female
879,Malcolm,Terrazzo,mterrazzooe@senate.gov,Male
880,Burl,Pester,bpesterof@lulu.com,Male
881,Mord,Cinnamond,mcinnamondog@reddit.com,Male
882,Iain,Cato,icatooh@wikipedia.org,Male
883,Briney,Kybert,bkybertoi@smh.com.au,Female
884,Ronny,Bosch,rboschoj@github.com,Female
885,Amargo,Rickis,arickisok@google.com.au,Agender
886,Rozele,McCreadie,rmccreadieol@house.gov,Female
887,Jordan,Beavors,jbeavorsom@phpbb.com,Male
888,Karlotta,Sweetzer,ksweetzeron@xrea.com,Female
889,Weider,Boorn,wboornoo@google.de,Male
890,Dita,Kirrage,dkirrageop@europa.eu,Female
891,Terrell,Greeno,tgreenooq@ovh.net,Male
892,Margret,Labb,mlabbor@dailymail.co.uk,Female
893,Hedvig,Magson,hmagsonos@gravatar.com,Female
894,Sven,De Giorgi,sdegiorgiot@psu.edu,Male
895,Drusi,Bagott,dbagottou@theguardian.com,Genderfluid
896,Yvon,Bremeyer,ybremeyerov@e-recht24.de,Male
897,Truda,Chaize,tchaizeow@examiner.com,Female
898,Lindy,Helleker,lhellekerox@economist.com,Female
899,Catriona,Gieves,cgievesoy@technorati.com,Female
900,Vidovik,Espinas,vespinasoz@yelp.com,Male
901,Harv,Reeks,hreeksp0@dion.ne.jp,Male
902,Horton,Lante,hlantep1@blogger.com,Male
903,Jillane,Channer,jchannerp2@omniture.com,Female
904,Karol,Nudd,knuddp3@addthis.com,Female
905,Pooh,Durnford,pdurnfordp4@ameblo.jp,Male
906,Lynnette,Avrahamof,lavrahamofp5@oakley.com,Female
907,Chris,Blacklock,cblacklockp6@businessinsider.com,Male
908,Job,Outhwaite,jouthwaitep7@reverbnation.com,Male
909,Rafi,Merigon,rmerigonp8@hexun.com,Male
910,Florencia,Pallant,fpallantp9@shinystat.com,Female
911,Mitchell,Dudman,mdudmanpa@nytimes.com,Male
912,Wadsworth,Lampett,wlampettpb@prweb.com,Male
913,Alyssa,Hurlston,ahurlstonpc@yolasite.com,Female
914,Dicky,Lovick,dlovickpd@mail.ru,Male
915,Koenraad,Arnout,karnoutpe@accuweather.com,Bigender
916,Yasmeen,Abram,yabrampf@wordpress.com,Female
917,Jessee,Satcher,jsatcherpg@google.com.au,Male
918,Conrado,Gamett,cgamettph@printfriendly.com,Male
919,Evvie,Carney,ecarneypi@java.com,Female
920,Karoly,Rapin,krapinpj@goodreads.com,Male
921,Eliza,Duchart,educhartpk@amazon.de,Non-binary
922,Jabez,Haycock,jhaycockpl@domainmarket.com,Genderqueer
923,Lester,Congram,lcongrampm@youtu.be,Male
924,West,O'Hegertie,wohegertiepn@spotify.com,Non-binary
925,Rose,Gierhard,rgierhardpo@ustream.tv,Female
926,Felipe,Spiby,fspibypp@sfgate.com,Male
927,Bridget,Lago,blagopq@feedburner.com,Female
928,Clemmie,Kincade,ckincadepr@addthis.com,Genderfluid
929,Swen,Kinvig,skinvigps@lulu.com,Male
930,Anselm,Cucinotta,acucinottapt@amazon.com,Male
931,Eugenie,Polini,epolinipu@twitpic.com,Female
932,Ediva,Shireff,eshireffpv@whitehouse.gov,Non-binary
933,Beth,Moffett,bmoffettpw@histats.com,Female
934,Shay,Martinson,smartinsonpx@networkadvertising.org,Male
935,Eward,Bassingham,ebassinghampy@marketwatch.com,Male
936,Emanuel,Matley,ematleypz@eventbrite.com,Male
937,Robena,Aggio,raggioq0@zimbio.com,Female
938,Aigneis,Spincks,aspincksq1@istockphoto.com,Bigender
939,Vito,Barbary,vbarbaryq2@weather.com,Male
940,Demetri,Painter,dpainterq3@artisteer.com,Male
941,Otho,Poinsett,opoinsettq4@weibo.com,Male
942,Desmond,Willicott,dwillicottq5@fotki.com,Male
943,Moe,MacColm,mmaccolmq6@prlog.org,Male
944,Sid,Babbs,sbabbsq7@businessinsider.com,Male
945,Derwin,Fenwick,dfenwickq8@zdnet.com,Male
946,Eugenia,Lammas,elammasq9@hubpages.com,Female
947,Walker,Beazleigh,wbeazleighqa@walmart.com,Male
948,Shaun,Tromans,stromansqb@ucoz.ru,Agender
949,Charline,Twells,ctwellsqc@printfriendly.com,Genderfluid
950,Daryl,Sharma,dsharmaqd@redcross.org,Female
951,Anselm,Assinder,aassinderqe@exblog.jp,Male
952,Carr,Hancke,chanckeqf@edublogs.org,Male
953,Ede,Noot,enootqg@ucoz.com,Female
954,Gavin,Estevez,gestevezqh@tripod.com,Male
955,Dallon,Biggans,dbiggansqi@mozilla.com,Male
956,Dorris,Quan,dquanqj@icio.us,Female
957,Clay,Trathen,ctrathenqk@hubpages.com,Genderfluid
958,Windy,Novichenko,wnovichenkoql@hao123.com,Female
959,Alan,Leyland,aleylandqm@google.com,Male
960,Alfons,Eteen,aeteenqn@samsung.com,Male
961,Carmelle,Bestall,cbestallqo@nationalgeographic.com,Female
962,Giorgia,Pettwood,gpettwoodqp@mit.edu,Female
963,Ingelbert,Garrals,igarralsqq@hud.gov,Male
964,Lonna,Baxstare,lbaxstareqr@nydailynews.com,Female
965,Alexina,Izakovitz,aizakovitzqs@etsy.com,Female
966,Jeramey,Weekes,jweekesqt@google.cn,Male
967,Darren,Rolfs,drolfsqu@ibm.com,Male
968,Morgan,Minchinden,mminchindenqv@cnn.com,Male
969,Belita,Hartegan,bharteganqw@joomla.org,Female
970,Darwin,Spafford,dspaffordqx@pen.io,Male
971,Sayers,Malamore,smalamoreqy@tinyurl.com,Non-binary
972,Evan,Jikylls,ejikyllsqz@simplemachines.org,Male
973,Chas,Crabtree,ccrabtreer0@simplemachines.org,Male
974,Stephenie,Gartshore,sgartshorer1@naver.com,Bigender
975,Liliane,Arnett,larnettr2@merriam-webster.com,Female
976,George,Pury,gpuryr3@a8.net,Genderqueer
977,Carmelina,Bigham,cbighamr4@yellowpages.com,Female
978,Mariele,Fibbings,mfibbingsr5@springer.com,Female
979,Eamon,Welbelove,ewelbelover6@list-manage.com,Male
980,Phyllis,Insley,pinsleyr7@bandcamp.com,Female
981,Ferrel,Krauze,fkrauzer8@mysql.com,Genderfluid
982,Rozele,Kanwell,rkanwellr9@fotki.com,Female
983,Bail,Gruszczak,bgruszczakra@tripod.com,Male
984,Vilhelmina,Barmadier,vbarmadierrb@nature.com,Female
985,Justine,Cansdall,jcansdallrc@illinois.edu,Female
986,Fancie,Stronough,fstronoughrd@time.com,Female
987,Gilly,Dachs,gdachsre@ted.com,Female
988,Tynan,Geany,tgeanyrf@cdbaby.com,Male
989,Anastassia,Advani,aadvanirg@com.com,Female
990,Phip,McPaike,pmcpaikerh@google.com.au,Male
991,Remington,Keynd,rkeyndri@is.gd,Male
992,Teirtza,Martygin,tmartyginrj@rediff.com,Female
993,Mano,Philpin,mphilpinrk@mediafire.com,Male
994,Sibyl,McNellis,smcnellisrl@army.mil,Male
995,Trace,Merrgan,tmerrganrm@goo.ne.jp,Male
996,Cesar,Roxby,croxbyrn@example.com,Agender
997,Josephine,Billiard,jbilliardro@webeden.co.uk,Female
998,Ariella,Faye,afayerp@bloglines.com,Female
999,Kariotta,Copsey,kcopseyrq@deviantart.com,Female
1000,Bobbee,Egdale,begdalerr@fastcompany.com,Female
